,desertionNo,filename,happenDt,happenPlace,kindCd,colorCd,age,weight,noticeNo,noticeSdt,noticeEdt,popfile,processState,sexCd,neuterYn,specialMark,careNm,careTel,careAddr,orgNm,chargeNm,officetel
0,448567202300904,http://www.animal.go.kr/files/shelter/2023/05/202306280906335_s.jpg,20230628,의창구 동읍 용잠리 408-11,[개] 믹스견,갈색,2020(년생),30(Kg),경남-창원1-2023-00309,20230628,20230710,http://www.animal.go.kr/files/shelter/2023/05/202306280906335.jpg,종료(반환),F,Y,N-6-1-29 내장칩있어요~순딩순딩 꼬리흔들어주는아이.,창원유기동물보호소,055-225-5701,"경상남도 창원시 의창구 창이대로 71 (명서동, 창원시농업기술센터) 축산과",경상남도 창원시 의창성산구,창원시의창성산구,055-225-5701
1,448537202300719,http://www.animal.go.kr/files/shelter/2023/05/202306281306120_s.jpg,20230628,수월 엘리유리안 2차,[고양이] 한국 고양이,검정,2023(60일미만)(년생),1(Kg),경남-거제-2023-00443,20230628,20230710,http://www.animal.go.kr/files/shelter/2023/05/202306281306120.jpg,보호중,Q,N,구더기심함,거제시유기동물보호소,055-639-6368,"경상남도 거제시 사등면 두동로1길 109 (사등면, 한국자원재생공사폐비닐적재장) 거제시유기동물보호소",경상남도 거제시,이용휘,055-639-6366
2,448534202300439,http://www.animal.go.kr/files/shelter/2023/05/20230628090688_s.jpg,20230628,사남면 유천마을인근,[개] 진도견,흰색,2016(년생),24(Kg),경남-사천-2023-00244,20230628,20230710,http://www.animal.go.kr/files/shelter/2023/05/20230628090688.jpg,보호중,F,N,사람을 좋아하고 온순함. 심장사상충양성,사천시 동물보호센터,055-831-3768,경상남도 사천시 용현면 진삼로 902  사천시농업기술센터,경상남도 사천시,강환희,055-831-3768
3,448528202300896,http://www.animal.go.kr/files/shelter/2023/05/202306281106292_s.jpg,20230628,봉암수원지 입구 주변,[개] 믹스견,연갈색+흰색,2022(년생),20(Kg),경남-창원2-2023-00212,20230628,20230710,http://www.animal.go.kr/files/shelter/2023/05/202306281106292.jpg,보호중,F,U,"목줄착용+ 쇠리드줄착용, 놀래서 경계심 좀 있음, 신고자가 키웠다고함",마산유기동물보호소,055-225-5701,경상남도 창원시 마산합포구 진북면 지산2길 139-112 226-19,경상남도 창원시 마산합포회원구,창원시마산합포회원구,055-225-5701
4,448528202300895,http://www.animal.go.kr/files/shelter/2023/05/20230628100672_s.jpg,20230628,양덕남 1길 45 주변,[개] 믹스견,검정,2021(년생),15(Kg),경남-창원2-2023-00211,20230628,20230710,http://www.animal.go.kr/files/shelter/2023/05/20230628100672.jpg,종료(반환),F,U,"빨간목줄착용, 순함, 내장칩있음 이름: 베리",마산유기동물보호소,055-225-5701,경상남도 창원시 마산합포구 진북면 지산2길 139-112 226-19,경상남도 창원시 마산합포회원구,창원시마산합포회원구,055-225-5701
5,447513202300842,http://www.animal.go.kr/files/shelter/2023/05/202306280006355_s.jpg,20230628,남산 조곡리,[개] 믹스견,"흰색, 크림색",2023(60일미만)(년생),1.52(Kg),경북-경산-2023-00393,20230628,20230710,http://www.animal.go.kr/files/shelter/2023/05/202306280006355.jpg,보호중,M,N,"생후50일령 추정, 우사 안으로 들어온 상황에서 구조 ",경산시유기동물보호소,010-2536-0955,경상북도 경산시 용성면 사양지길 95 (용성면) ,경상북도 경산시,김홍근,053-810-6744
6,447513202300841,http://www.animal.go.kr/files/shelter/2023/05/20230628000600_s.jpg,20230628,압량 신촌리,[개] 포메라니안,"흰색, 크림색",2022(년생),3.28(Kg),경북-경산-2023-00392,20230628,20230710,http://www.animal.go.kr/files/shelter/2023/05/20230628000600.jpg,보호중,F,N,공장 인근에서 배회하여 구조,경산시유기동물보호소,010-2536-0955,경상북도 경산시 용성면 사양지길 95 (용성면) ,경상북도 경산시,김홍근,053-810-6744
7,447512202300428,http://www.animal.go.kr/files/shelter/2023/05/202306280906212_s.jpg,20230628,호계 지천,[개] 믹스견,흰색,2023(60일미만)(년생),3(Kg),경북-문경-2023-00213,20230628,20230731,http://www.animal.go.kr/files/shelter/2023/05/202306280906212.jpg,보호중,M,N,들개 강아지,종합축산,054-552-2233,경상북도 문경시 중앙로 170 (흥덕동) 종합축산,경상북도 문경시,문경시 유통축산과,054-550-6282
8,447508202300767,http://www.animal.go.kr/files/shelter/2023/05/202306281106250_s.jpg,20230628,옥관 문정자길 127,[개] 믹스견,흑 갈색,2019(년생),8.2(Kg),경북-구미-2023-00252,20230628,20230710,http://www.animal.go.kr/files/shelter/2023/05/202306281106250.jpg,보호중,M,N,온순하고 잘따름,구미시 동물보호센터,054-471-5718,경상북도 구미시 해평면 낙동대로 2206  ,경상북도 구미시,백창훈,054-480-5844
9,447508202300766,http://www.animal.go.kr/files/shelter/2023/05/202306281106704[1]_s.jpg,20230628,봉곡로 91,[개] 시츄,흑 갈색,2018(년생),5(Kg),경북-구미-2023-00251,20230628,20230710,http://www.animal.go.kr/files/shelter/2023/05/202306281106704[1].jpg,종료(반환),F,U,온순하고 잘따름,구미시 동물보호센터,054-471-5718,경상북도 구미시 해평면 낙동대로 2206  ,경상북도 구미시,백창훈,054-480-5844
10,447508202300765,http://www.animal.go.kr/files/shelter/2023/05/202306281106775_s.jpg,20230628,봉곡동 426-7,[개] 시츄,흑 갈색,2013(년생),2.2(Kg),경북-구미-2023-00250,20230628,20230710,http://www.animal.go.kr/files/shelter/2023/05/202306281106775.jpg,종료(반환),F,U,온순하고 잘따름,구미시 동물보호센터,054-471-5718,경상북도 구미시 해평면 낙동대로 2206  ,경상북도 구미시,백창훈,054-480-5844
11,447505202300654,http://www.animal.go.kr/files/shelter/2023/05/202306281406367[1]_s.jpg,20230628,경주시 건천읍 천포방내길 18 부근 ,[고양이] 한국 고양이,삼색이 ,2023(년생),0.42(Kg),경북-경주-2023-00653,20230628,20230710,http://www.animal.go.kr/files/shelter/2023/05/202306281406367[1].jpg,보호중,F,N,뒷다리 부상. 기력 없음. 예후 안좋음 ,경주동물사랑보호센터,010-8889-2883,경상북도 경주시 천북면 천북로 8-4  경주시 동물사랑보호센터,경상북도 경주시,경주시,054-760-2883
12,447505202300653,http://www.animal.go.kr/files/shelter/2023/05/202306281106660_s.jpg,20230628,경주 남산동 920-1 부근,[개] 진도견,흰색,2020(년생),20(Kg),경북-경주-2023-00652,20230628,20230710,http://www.animal.go.kr/files/shelter/2023/05/202306281106660.jpg,보호중,M,N,발견당시 진드기가상당히보임 성격이까칠하여 다가가기힘듦,경주동물사랑보호센터,010-8889-2883,경상북도 경주시 천북면 천북로 8-4  경주시 동물사랑보호센터,경상북도 경주시,경주시,054-760-2883
13,447505202300652,http://www.animal.go.kr/files/shelter/2023/05/202306281106461_s.jpg,20230628,경주시 충효중앙길67 부근 ,[고양이] 한국 고양이,삼색이 ,2023(년생),0.7(Kg),경북-경주-2023-00651,20230628,20230710,http://www.animal.go.kr/files/shelter/2023/05/202306281106461.jpg,보호중,F,N,뒷다리 이상있음. 기운 없는 듯 보임. ,경주동물사랑보호센터,010-8889-2883,경상북도 경주시 천북면 천북로 8-4  경주시 동물사랑보호센터,경상북도 경주시,경주시,054-760-2883
14,447505202300651,http://www.animal.go.kr/files/shelter/2023/05/202306281306880[1]_s.jpg,20230628,경주시 현곡면 금장5길 34 부근 ,[개] 믹스견,갈색 ,2019(년생),9(Kg),경북-경주-2023-00650,20230628,20230710,http://www.animal.go.kr/files/shelter/2023/05/202306281306880[1].jpg,보호중,F,U,해맑은 미소의 귀염상 댕댕이. 매력적인 귀털이 포인트!,경주동물사랑보호센터,010-8889-2883,경상북도 경주시 천북면 천북로 8-4  경주시 동물사랑보호센터,경상북도 경주시,경주시,054-760-2883
15,446496202300255,http://www.animal.go.kr/files/shelter/2023/05/202306280606114_s.jpg,20230628,엄다면 수호리송정마을회관,[개] 믹스견,흰색,2022(년생),4.00(Kg),전남-함평-2023-00253,20230628,20230712,http://www.animal.go.kr/files/shelter/2023/05/202306280606114.jpg,보호중,M,U,순함,학교동물임시보호센터,010-5649-3435,전라남도 함평군 학교면 송산길 84 (학교면) 월산리 806-1 ,전라남도 함평군,함평군,061-320-1936
16,446496202300254,http://www.animal.go.kr/files/shelter/2023/05/202306280606500_s.jpg,20230628,대동면 매동길 134-15,[개] 믹스견,흰색,2022(년생),8.00(Kg),전남-함평-2023-00252,20230628,20230712,http://www.animal.go.kr/files/shelter/2023/05/202306280606500.jpg,보호중,F,U,순함,학교동물임시보호센터,010-5649-3435,전라남도 함평군 학교면 송산길 84 (학교면) 월산리 806-1 ,전라남도 함평군,함평군,061-320-1936
17,446486202300119,http://www.animal.go.kr/files/shelter/2023/05/202306281306424_s.jpg,20230628,목사동면,[개] 믹스견,흰검색,2021(년생),8(Kg),전남-곡성-2023-00090,20230628,20230710,http://www.animal.go.kr/files/shelter/2023/05/202306281306424.jpg,보호중,F,U,배 쪽으로 털이 많이 없고 마른 상태,푸른곡성21동물보호소,061-360-8372,전라남도 곡성군 곡성읍 군청로 50  보호소 주소 : 전남 곡성군 곡성읍 구원리 888,전라남도 곡성군,곡성군,061-360-8372
18,446486202300118,http://www.animal.go.kr/files/shelter/2023/05/202306281306941_s.jpg,20230628,곡성읍,[개] 믹스견,흰색,2021(년생),10(Kg),전남-곡성-2023-00089,20230628,20230710,http://www.animal.go.kr/files/shelter/2023/05/202306281306941.jpg,종료(반환),M,Y,주인반환예정,푸른곡성21동물보호소,061-360-8372,전라남도 곡성군 곡성읍 군청로 50  보호소 주소 : 전남 곡성군 곡성읍 구원리 888,전라남도 곡성군,곡성군,061-360-8372
19,446482202300583,http://www.animal.go.kr/files/shelter/2023/05/202306281306378_s.jpg,20230628,연향소방서,[개] 웰시 코기 카디건,흰갈색,2020(년생),15.2(Kg),전남-순천-2023-00386,20230628,20230710,http://www.animal.go.kr/files/shelter/2023/05/202306281306378.jpg,보호중,F,N,"종합백신접종,코로나장염접종,광견병접종,데피니트,스팟라인,사상충-음성",순천시유기동물보호소,061-749-8793,"전라남도 순천시 승주읍 승주로 628 (승주읍, 농업기술센터) 순천시유기동물보호소",전라남도 순천시,순천시,061-749-3094
20,446481202300345,http://www.animal.go.kr/files/shelter/2023/05/202306281406488[1]_s.jpg,20230628,둔덕2길 6-3,[개] 포메라니안,아이보리색,2018(년생),4.9(Kg),전남-여수-2023-00329,20230628,20230710,http://www.animal.go.kr/files/shelter/2023/05/202306281406488[1].jpg,보호중,M,N,노견 추정. 견주 확인 됨.,유기동물보호소,061-659-2474,"전라남도 여수시 주동1길 32 (주삼동, 여수시농업기술센터) 여수시 유기동물보호소",전라남도 여수시,반려동물팀,061-659-2474
21,445464202302418,http://www.animal.go.kr/files/shelter/2023/05/202306281306581_s.jpg,20230628,서부119 안전센터,[개] 웰시 코기 펨브로크,황색,2018(년생),18(Kg),전북-전주-2023-00866,20230628,20230707,http://www.animal.go.kr/files/shelter/2023/05/202306281306581.jpg,종료(반환),F,N,내장칩있음,효자동물병원,063-224-6672,전라북도 전주시 완산구 백제대로 121 (효자동1가) ,전라북도 전주시,김민석,063-281-5277
22,445464202302417,http://www.animal.go.kr/files/shelter/2023/05/202306281006516_s.jpg,20230628,고덕1길18,[고양이] 한국 고양이,치즈색,2023(60일미만)(년생),0.8(Kg),전북-전주-2023-00865,20230628,20230707,http://www.animal.go.kr/files/shelter/2023/05/202306281006516.jpg,보호중,M,N,비맞고 울고있슴,동부동물병원,063-231-2455,전라북도 전주시 완산구 경원동1가 3-10,전라북도 전주시,김민석,063-281-5277
23,445464202302416,http://www.animal.go.kr/files/shelter/2023/05/202306281006800_s.jpg,20230628,맥도날드덕진점주차장,[개] 시츄,흰색갈색,2013(년생),6(Kg),전북-전주-2023-00864,20230628,20230707,http://www.animal.go.kr/files/shelter/2023/05/202306281006800.jpg,보호중,M,Y,얼굴쪽 예민하고 착색됨,동부동물병원,063-231-2455,전라북도 전주시 완산구 경원동1가 3-10,전라북도 전주시,김민석,063-281-5277
24,445464202302415,http://www.animal.go.kr/files/shelter/2023/05/202306281006826_s.jpg,20230628,서신성원아파트주차장,[개] 토이 푸들,살구색,2012(년생),5(Kg),전북-전주-2023-00863,20230628,20230707,http://www.animal.go.kr/files/shelter/2023/05/202306281006826.jpg,종료(반환),M,Y,온순함,동부동물병원,063-231-2455,전라북도 전주시 완산구 경원동1가 3-10,전라북도 전주시,김민석,063-281-5277
25,444568202300556,http://www.animal.go.kr/files/shelter/2023/05/202306281106498_s.jpg,20230628,당진시 송산면 송산로 911,[개] 포메라니안,흰색,2022(년생),4.00(Kg),충남-당진-2023-00271,20230628,20230707,http://www.animal.go.kr/files/shelter/2023/05/202306281106498.jpg,보호중,F,U,"겁이많음,털 약간 엉켜있음",당진시동물보호소,041-356-8210,충청남도 당진시 고대면 연동로 30-6 (고대면) ,충청남도 당진시,당진시,041-350-4232
26,444458202300283,http://www.animal.go.kr/files/shelter/2023/05/202306281406641_s.jpg,20230628,충청남도 서천군 마서면 마서로 608,[개] 믹스견,황색,2019(년생),7(Kg),충남-서천-2023-00102,20230628,20230710,http://www.animal.go.kr/files/shelter/2023/05/202306281406641.jpg,보호중,F,N,마서면 동네 배회로 신고된 황색 암컷 단모견,서천군유기동물보호소,041-950-4390,충청남도 서천군 마산면 한마로 1189-19 ,충청남도 서천군,서천군,041-950-4390
27,444458202300282,http://www.animal.go.kr/files/shelter/2023/05/202306281406761_s.jpg,20230628,충청남도 서천군 마서면 마서로 608,[개] 믹스견,검갈색,2019(년생),7(Kg),충남-서천-2023-00101,20230628,20230710,http://www.animal.go.kr/files/shelter/2023/05/202306281406761.jpg,보호중,F,N,마서면 동네 배회로 신고된 검갈색 암컷 단모견,서천군유기동물보호소,041-950-4390,충청남도 서천군 마산면 한마로 1189-19 ,충청남도 서천군,서천군,041-950-4390
28,444458202300281,http://www.animal.go.kr/files/shelter/2023/05/202306281406267_s.jpg,20230628,충청남도 서천군 마서면 마서로 608,[개] 믹스견,흰색,2019(년생),10(Kg),충남-서천-2023-00100,20230628,20230710,http://www.animal.go.kr/files/shelter/2023/05/202306281406267.jpg,보호중,M,N,마서면 동네 배회로 신고된 흰색 수컷 단모견,서천군유기동물보호소,041-950-4390,충청남도 서천군 마산면 한마로 1189-19 ,충청남도 서천군,서천군,041-950-4390
29,444449202301491,http://www.animal.go.kr/files/shelter/2023/05/202306281106747_s.jpg,20230628,동남구 신부동 오션수영장,[개] 믹스견,검정,2023(년생),4(Kg),충남-천안-2023-00758,20230628,20230710,http://www.animal.go.kr/files/shelter/2023/05/202306281106747.jpg,보호중,F,U,"3개월 추정, 교통사고 추정(찰과상)",천안시유기동물보호소,010-5913-5119,"충청남도 천안시 동남구 충절로 437 (삼룡동) 문의전화 : 입양(010-5913-5119), 구조(010-4999-6119)",충청남도 천안시,축산과,041-521-5735
30,443571202301816,http://www.animal.go.kr/files/shelter/2023/05/202306281406159_s.jpg,20230628,궁현1길 8-2,[고양이] 한국 고양이,치즈,2023(년생),0.5(Kg),충북-청주-2023-00618,20230628,20230710,http://www.animal.go.kr/files/shelter/2023/05/202306281406159.jpg,보호중,M,N,좌측 어깨 부위 상처,반려동물보호센터,043-201-2298,충청북도 청주시 흥덕구 강내면 서부로 411-55 (강내면) ,충청북도 청주시,정동복,043-201-2296
31,442430202300091,http://www.animal.go.kr/files/shelter/2023/05/202306281006457[1]_s.jpg,20230628,서면 와수리,[개] 믹스견,흰색+갈색,2021(년생),4(Kg),강원-철원-2023-00091,20230628,20230710,http://www.animal.go.kr/files/shelter/2023/05/202306281006457[1].jpg,보호중,F,U,낯을 가리나 공격성 없고 사람을 잘 따름,철원군,033-450-5394,강원도 철원군 동송읍 장흥로 311  ,강원특별자치도 철원군,철원군 동물방역계,033-450-5394
32,442425202300362,http://www.animal.go.kr/files/shelter/2023/05/202306281306508_s.jpg,20230628,영귀미면 공작산로 1321-8,[개] 믹스견,블랙,2023(60일미만)(년생),4(Kg),강원-홍천-2023-00207,20230628,20230710,http://www.animal.go.kr/files/shelter/2023/05/202306281306508.jpg,보호중,M,N,아기강아지임. ,홍천군유기동물보호소,033-434-9435,"강원도 홍천군 화촌면 둔덕이길 68 (화촌면, 홍천군유기동물보호센터) ",강원특별자치도 홍천군,홍천군,033-430-2741
33,442425202300361,http://www.animal.go.kr/files/shelter/2023/05/202306281306921_s.jpg,20230628,영귀미면 공작산로 1321-8,[개] 믹스견,검정&화이트,2023(60일미만)(년생),4(Kg),강원-홍천-2023-00206,20230628,20230710,http://www.animal.go.kr/files/shelter/2023/05/202306281306921.jpg,보호중,M,N,아기강아지임. ,홍천군유기동물보호소,033-434-9435,"강원도 홍천군 화촌면 둔덕이길 68 (화촌면, 홍천군유기동물보호센터) ",강원특별자치도 홍천군,홍천군,033-430-2741
34,442420202300378,http://www.animal.go.kr/files/shelter/2023/05/202306281406542_s.jpg,20230628,주문진읍 향호리 11-14 주문진해변 버스정류장,[고양이] 한국 고양이,고등어,2023(60일미만)(년생),1.2(Kg),강원-강릉-2023-00381,20230628,20230710,http://www.animal.go.kr/files/shelter/2023/05/202306281406542.jpg,보호중,Q,U,허피스 감염 다친상태로 발견,강릉시 동물사랑센터,033-641-7515,강원도 강릉시 성산면 내맬길 172  ,강원특별자치도 강릉시,정희애,033-640-5843
35,442420202300377,http://www.animal.go.kr/files/shelter/2023/05/202306281306782_s.jpg,20230628,연곡면 홍질목길 1,[고양이] 한국 고양이,고등어 색,2023(60일미만)(년생),1.5(Kg),강원-강릉-2023-00380,20230628,20230710,http://www.animal.go.kr/files/shelter/2023/05/202306281306782.jpg,보호중,Q,U,다친 상태로 발견,강릉시 동물사랑센터,033-641-7515,강원도 강릉시 성산면 내맬길 172  ,강원특별자치도 강릉시,정희애,033-640-5843
36,442420202300376,http://www.animal.go.kr/files/shelter/2023/05/202306281306990_s.jpg,20230628,주문진읍 연주로 329 광신모터스,[고양이] 한국 고양이,검흰,2023(60일미만)(년생),1.2(Kg),강원-강릉-2023-00379,20230628,20230710,http://www.animal.go.kr/files/shelter/2023/05/202306281306990.jpg,보호중,Q,N,허피스 감염,강릉시 동물사랑센터,033-641-7515,강원도 강릉시 성산면 내맬길 172  ,강원특별자치도 강릉시,정희애,033-640-5843
37,442420202300375,http://www.animal.go.kr/files/shelter/2023/05/202306281306924_s.jpg,20230628,주문잔읍 연주로 329 광신모터스,[고양이] 한국 고양이,검은색,2023(년생),1.5(Kg),강원-강릉-2023-00378,20230628,20230710,http://www.animal.go.kr/files/shelter/2023/05/202306281306924.jpg,보호중,F,N,허피스 감염,강릉시 동물사랑센터,033-641-7515,강원도 강릉시 성산면 내맬길 172  ,강원특별자치도 강릉시,정희애,033-640-5843
38,441553202302030,http://www.animal.go.kr/files/shelter/2023/05/202306280906755_s.jpg,20230628,팔탄면 창곡리 981-21,[개] 믹스견,회색,2023(년생),4(Kg),경기-화성-2023-00737,20230628,20230707,http://www.animal.go.kr/files/shelter/2023/05/202306280906755.jpg,보호중,F,N,"조심성은 있지만 손길을 받아줌, 갈색눈",남양동물보호센터,031-356-2281,경기도 화성시 남양읍 화성로 1483-27 (남양읍) ,경기도 화성시,반려가족팀,031-5189-7099
39,441553202302029,http://www.animal.go.kr/files/shelter/2023/05/202306280906380_s.jpg,20230628,팔탄면 창곡리 981-21,[개] 믹스견,회색,2023(년생),4(Kg),경기-화성-2023-00736,20230628,20230707,http://www.animal.go.kr/files/shelter/2023/05/202306280906380.jpg,보호중,F,N,"겁이 많음, 갈색눈, 날렵한얼굴형",남양동물보호센터,031-356-2281,경기도 화성시 남양읍 화성로 1483-27 (남양읍) ,경기도 화성시,반려가족팀,031-5189-7099
40,441417202300628,http://www.animal.go.kr/files/shelter/2023/05/202306281006102[1]_s.jpg,20230628,경기도 양평군 양서면 정자골길 43-29,[개] 믹스견,크림색,2021(년생),7(Kg),경기-양평-2023-00209,20230628,20230710,http://www.animal.go.kr/files/shelter/2023/05/202306281006102[1].jpg,보호중,M,U,경계심이 많음,양평군유기동물보호소,031-770-2337,경기도 양평군 양평읍 농업기술센터길 59-1  ,경기도 양평군,양평군청,031-770-3645
41,441402202300350,http://www.animal.go.kr/files/shelter/2023/05/202306281406996[1]_s.jpg,20230628,대야미동 산 4-10 부근,[개] 믹스견,백,2022(년생),15(Kg),경기-군포-2023-00091,20230628,20230710,http://www.animal.go.kr/files/shelter/2023/05/202306281406996[1].jpg,보호중,M,N,"순함, 낡은 초록 목줄, 마른 편",한국야생동물보호협회,031-296-0124,경기도 안산시 상록구 청곡길 50 (부곡동) ,경기도 군포시,군포시 동물보호담당,031-390-0311
42,441400202300384,http://www.animal.go.kr/files/shelter/2023/05/202306281306485_s.jpg,20230628,대원로38번길21,[개] 믹스견,갈색,2021(년생),3.8(Kg),경기-오산-2023-00175,20230628,20230710,http://www.animal.go.kr/files/shelter/2023/05/202306281306485.jpg,보호중,M,N,"목줄,목걸이 없음",오산 유기동물보호소,031-372-9325,경기도 오산시 성호대로 36 (오산동) ,경기도 오산시,배진형,031-8036-7643
43,441399202301647,http://www.animal.go.kr/files/shelter/2023/05/202306281406915_s[1].jpg,20230628,진건읍 독정로솔숲길 36-19,[고양이] 믹스묘,고등어,2023(60일미만)(년생),0.1(Kg),경기-남양주-2023-00499,20230628,20230710,http://www.animal.go.kr/files/shelter/2023/05/202306281406915.jpeg,보호중,M,N,생후 20일 전후 고양이 건강상태 및 예후불량,남양주시동물보호센터,031-590-2785,경기도 남양주시 경강로163번길 32-27 (이패동) ,경기도 남양주시,남양주시,031-590-2324
44,441399202301643,http://www.animal.go.kr/files/shelter/2023/05/202306281106948_s.jpg,20230628,조안면 북한강로 301번길 7-4,[고양이] 믹스묘,치즈,2023(60일미만)(년생),0.1(Kg),경기-남양주-2023-00498,20230628,20230710,http://www.animal.go.kr/files/shelter/2023/05/202306281106948.jpeg,보호중,M,N,생후 20일 전후 고양이 건강상태 및 예후불량,남양주시동물보호센터,031-590-2785,경기도 남양주시 경강로163번길 32-27 (이패동) ,경기도 남양주시,남양주시,031-590-2324
45,441399202301642,http://www.animal.go.kr/files/shelter/2023/05/202306281106562_s.jpg,20230628,조안면 북한강로 301번길 7-4,[고양이] 믹스묘,삼색,2023(60일미만)(년생),0.1(Kg),경기-남양주-2023-00497,20230628,20230710,http://www.animal.go.kr/files/shelter/2023/05/202306281106562.jpeg,보호중,F,N,생후 20일 전후 고양이 건강상태 및 예후불량,남양주시동물보호센터,031-590-2785,경기도 남양주시 경강로163번길 32-27 (이패동) ,경기도 남양주시,남양주시,031-590-2324
46,441399202301641,http://www.animal.go.kr/files/shelter/2023/05/20230628110678_s.jpg,20230628,조안면 북한강로 301번길 7-4,[고양이] 믹스묘,검정 흰색,2023(60일미만)(년생),0.1(Kg),경기-남양주-2023-00496,20230628,20230710,http://www.animal.go.kr/files/shelter/2023/05/20230628110678.jpeg,보호중,M,N,생후 20일 전후 고양이 건강상태 및 예후불량,남양주시동물보호센터,031-590-2785,경기도 남양주시 경강로163번길 32-27 (이패동) ,경기도 남양주시,남양주시,031-590-2324
47,441399202301640,http://www.animal.go.kr/files/shelter/2023/05/202306281106803_s.jpg,20230628,조안면 북한강로 301번길 7-4,[고양이] 믹스묘,삼색,2023(60일미만)(년생),0.1(Kg),경기-남양주-2023-00495,20230628,20230710,http://www.animal.go.kr/files/shelter/2023/05/202306281106803.jpeg,보호중,F,N,생후 20일 전후 고양이 건강상태 및 예후불량,남양주시동물보호센터,031-590-2785,경기도 남양주시 경강로163번길 32-27 (이패동) ,경기도 남양주시,남양주시,031-590-2324
48,441399202301639,http://www.animal.go.kr/files/shelter/2023/05/202306281106523_s.jpg,20230628,조안면 북한강로 301번길 7-4,[고양이] 믹스묘,흰색 검정,2023(60일미만)(년생),0.1(Kg),경기-남양주-2023-00494,20230628,20230710,http://www.animal.go.kr/files/shelter/2023/05/202306281106523.jpeg,보호중,M,N,생후20일 전후 고양이 건강상태 및 예후불량,남양주시동물보호센터,031-590-2785,경기도 남양주시 경강로163번길 32-27 (이패동) ,경기도 남양주시,남양주시,031-590-2324
49,441399202301638,http://www.animal.go.kr/files/shelter/2023/05/202306281106620_s.jpg,20230628,포천삼거리,[개] 도베르만,갈색,2020(년생),26(Kg),경기-남양주-2023-00493,20230628,20230710,http://www.animal.go.kr/files/shelter/2023/05/202306281106620.jpeg,보호중,M,N,잘생기고 늠름한 도베르만 친구,남양주시동물보호센터,031-590-2785,경기도 남양주시 경강로163번길 32-27 (이패동) ,경기도 남양주시,남양주시,031-590-2324
50,441393202301173,http://www.animal.go.kr/files/shelter/2023/05/202306281406748[1]_s.jpg,20230628,월피119안전센터에서 인수,[개] 믹스견,백,2022(년생),16(Kg),경기-안산-2023-00575,20230628,20230710,http://www.animal.go.kr/files/shelter/2023/05/202306281406748[1].jpg,보호중,F,U,"순함, 빨간 목줄",한국야생동물보호협회,031-296-0124,경기도 안산시 상록구 청곡길 50 (부곡동) 안산시 상록구 부곡동 231-5,경기도 안산시,안산시 농업정책과,031-481-2494
51,441393202301172,http://www.animal.go.kr/files/shelter/2023/05/202306281406376[1]_s.jpg,20230628,팔곡1동 543-16 부근,[개] 믹스견,백,2023(60일미만)(년생),1.5(Kg),경기-안산-2023-00574,20230628,20230710,http://www.animal.go.kr/files/shelter/2023/05/202306281406376[1].jpg,보호중,M,N,"2개월 추정, 공고번호 174번 새끼, 설사",한국야생동물보호협회,031-296-0124,경기도 안산시 상록구 청곡길 50 (부곡동) 안산시 상록구 부곡동 231-5,경기도 안산시,안산시 농업정책과,031-481-2494
52,441393202301171,http://www.animal.go.kr/files/shelter/2023/05/202306281406270_s.jpg,20230628,팔곡1동 543-16 부근,[개] 믹스견,갈,2023(60일미만)(년생),1.5(Kg),경기-안산-2023-00573,20230628,20230710,http://www.animal.go.kr/files/shelter/2023/05/202306281406270.jpg,보호중,M,N,"2개월 추정, 공고번호 174번 새끼, 설사",한국야생동물보호협회,031-296-0124,경기도 안산시 상록구 청곡길 50 (부곡동) 안산시 상록구 부곡동 231-5,경기도 안산시,안산시 농업정책과,031-481-2494
53,441393202301170,http://www.animal.go.kr/files/shelter/2023/05/202306281406309_s.jpg,20230628,팔곡1동 543-16 부근,[개] 믹스견,갈,2023(60일미만)(년생),1.5(Kg),경기-안산-2023-00572,20230628,20230710,http://www.animal.go.kr/files/shelter/2023/05/202306281406309.jpg,보호중,M,N,"2개월 추정, 공고번호 174번 새끼, 설사",한국야생동물보호협회,031-296-0124,경기도 안산시 상록구 청곡길 50 (부곡동) 안산시 상록구 부곡동 231-5,경기도 안산시,안산시 농업정책과,031-481-2494
54,441393202301169,http://www.animal.go.kr/files/shelter/2023/05/202306281406735_s.jpg,20230628,팔곡1동 543-16 부근,[개] 믹스견,갈,2023(60일미만)(년생),1.5(Kg),경기-안산-2023-00571,20230628,20230710,http://www.animal.go.kr/files/shelter/2023/05/202306281406735.jpg,보호중,M,N,"2개월 추정, 공고번호 174번 새끼, 설사",한국야생동물보호협회,031-296-0124,경기도 안산시 상록구 청곡길 50 (부곡동) 안산시 상록구 부곡동 231-5,경기도 안산시,안산시 농업정책과,031-481-2494
55,441393202301168,http://www.animal.go.kr/files/shelter/2023/05/202306281406200_s.jpg,20230628,팔곡1동 543-16 부근,[개] 믹스견,백,2023(60일미만)(년생),1.5(Kg),경기-안산-2023-00570,20230628,20230710,http://www.animal.go.kr/files/shelter/2023/05/202306281406200.jpg,보호중,M,N,"2개월 추정, 공고번호 174번 새끼, 설사",한국야생동물보호협회,031-296-0124,경기도 안산시 상록구 청곡길 50 (부곡동) 안산시 상록구 부곡동 231-5,경기도 안산시,안산시 농업정책과,031-481-2494
56,441393202301167,http://www.animal.go.kr/files/shelter/2023/05/202306281406672_s.jpg,20230628,팔곡1동 543-16 부근,[개] 믹스견,백,2023(60일미만)(년생),1.5(Kg),경기-안산-2023-00569,20230628,20230710,http://www.animal.go.kr/files/shelter/2023/05/202306281406672.jpg,보호중,F,N,"2개월 추정, 공고번호 174번 새끼, 설사",한국야생동물보호협회,031-296-0124,경기도 안산시 상록구 청곡길 50 (부곡동) 안산시 상록구 부곡동 231-5,경기도 안산시,안산시 농업정책과,031-481-2494
57,441391202301624,http://www.animal.go.kr/files/shelter/2023/05/20230628140669_s.jpg,20230628,팽성읍 : 객사리 212,[개] 믹스견,흰색,2020(년생),15(Kg),경기-평택-2023-00839,20230628,20230710,http://www.animal.go.kr/files/shelter/2023/05/20230628140669.jpg,보호중,F,U,"도로에 개가 돌아다닌다는 신고로 구조됨, 빨간색 목줄을 하고 있음",평택시유기동물보호소,031-8024-3849,경기도 평택시 진위면 야막길 108-86 (진위면) ,경기도 평택시,평택시,031-8024-3808
58,441391202301623,http://www.animal.go.kr/files/shelter/2023/05/202306281406170_s.jpg,20230628,통복동 : 통복시장로 25번길 8-3,[고양이] 한국 고양이,고등어 ,2022(년생),1.8(Kg),경기-평택-2023-00838,20230628,20230710,http://www.animal.go.kr/files/shelter/2023/05/202306281406170.jpg,보호중,F,N,순하고 사람을 잘 따름,평택시유기동물보호소,031-8024-3849,경기도 평택시 진위면 야막길 108-86 (진위면) ,경기도 평택시,평택시,031-8024-3808
59,441391202301622,http://www.animal.go.kr/files/shelter/2023/05/202306281406491_s.jpg,20230628,포승읍 : 석정리 1574-8,[고양이] 한국 고양이,검/흰,2023(60일미만)(년생),0.8(Kg),경기-평택-2023-00837,20230628,20230710,http://www.animal.go.kr/files/shelter/2023/05/202306281406491.jpg,보호중,M,N,"60일 추정, 귀엽고 사랑스럽다, 얼른 데려가 주세요~~~",평택시유기동물보호소,031-8024-3849,경기도 평택시 진위면 야막길 108-86 (진위면) ,경기도 평택시,평택시,031-8024-3808
60,441391202301621,http://www.animal.go.kr/files/shelter/2023/05/202306281406581_s.jpg,20230628,현덕면: 기산1길 157,[개] 믹스견,흰색,2023(년생),13(Kg),경기-평택-2023-00836,20230628,20230710,http://www.animal.go.kr/files/shelter/2023/05/202306281406581.jpg,보호중,F,N,경계심이 있으나 순함,평택시유기동물보호소,031-8024-3849,경기도 평택시 진위면 야막길 108-86 (진위면) ,경기도 평택시,평택시,031-8024-3808
61,441391202301620,http://www.animal.go.kr/files/shelter/2023/05/202306281406305_s.jpg,20230628,팽성읍 : 대사리 117-6,[개] 믹스견,흰색,2023(년생),10(Kg),경기-평택-2023-00835,20230628,20230710,http://www.animal.go.kr/files/shelter/2023/05/202306281406305.jpg,보호중,F,N,"9개월 추정, 경계심이 있으나 순해 보임",평택시유기동물보호소,031-8024-3849,경기도 평택시 진위면 야막길 108-86 (진위면) ,경기도 평택시,평택시,031-8024-3808
62,441386202300851,http://www.animal.go.kr/files/shelter/2023/05/202306281406754_s.jpg,20230628,신흥로 95번길82,[고양이] 한국 고양이,흰검,2023(60일미만)(년생),0.6(Kg),경기-부천-2023-00414,20230628,20230710,http://www.animal.go.kr/files/shelter/2023/05/202306281406754.jpg,보호중,M,N,결막염. 호흡기질환. 예민함. ,cj동물병원,032-323-4999,"경기도 부천시 소향로 246 (중동, 새롬프라자6차) ",경기도 부천시,부천시,032-625-2803
63,441386202300850,http://www.animal.go.kr/files/shelter/2023/05/202306281306236_s.jpg,20230628,소사본동 자매콩나물국밥 집 앞,[개] 말티즈,흰색,2019(년생),4.2(Kg),경기-부천-2023-00413,20230628,20230710,http://www.animal.go.kr/files/shelter/2023/05/202306281306236.jpg,보호중,F,U,"순함, 겁이 많음",가나동물병원,032-665-0075,경기도 부천시 경인로 72 (송내동) ,경기도 부천시,부천시,032-625-2803
64,441386202300849,http://www.animal.go.kr/files/shelter/2023/05/20230628130653_s.jpg,20230628,범박동 일루미스테이트 3단지 지하주차장,[고양이] 한국 고양이,검갈,2023(60일미만)(년생),0.1(Kg),경기-부천-2023-00412,20230628,20230710,http://www.animal.go.kr/files/shelter/2023/05/20230628130653.jpg,보호중,M,N,"5일령, 탈수심함",가나동물병원,032-665-0075,경기도 부천시 경인로 72 (송내동) ,경기도 부천시,부천시,032-625-2803
65,441386202300848,http://www.animal.go.kr/files/shelter/2023/05/202306281306250_s.jpg,20230628,범박동 일루미스테이트 3단지 지하주차장,[고양이] 한국 고양이,치즈,2023(60일미만)(년생),0.1(Kg),경기-부천-2023-00411,20230628,20230710,http://www.animal.go.kr/files/shelter/2023/05/202306281306250.jpg,보호중,F,N,"5일령, 탈수 심함",가나동물병원,032-665-0075,경기도 부천시 경인로 72 (송내동) ,경기도 부천시,부천시,032-625-2803
66,441386202300847,http://www.animal.go.kr/files/shelter/2023/05/202306281306104_s.jpg,20230628,범박동 일루미스테이트 3단지 지하주차장,[고양이] 한국 고양이,치즈,2023(60일미만)(년생),0.1(Kg),경기-부천-2023-00410,20230628,20230710,http://www.animal.go.kr/files/shelter/2023/05/202306281306104.jpg,보호중,M,N,"5일령, 탈수심함",가나동물병원,032-665-0075,경기도 부천시 경인로 72 (송내동) ,경기도 부천시,부천시,032-625-2803
67,441386202300846,http://www.animal.go.kr/files/shelter/2023/05/202306281006603_s[1].jpg,20230628,송내동 성우아파트 화단,[고양이] 한국 고양이,흰검,2021(년생),5.2(Kg),경기-부천-2023-00409,20230628,20230710,http://www.animal.go.kr/files/shelter/2023/05/202306281006603.jpg,보호중,Q,U,"TA, 골반골절, 과호흡, 예후불량",가나동물병원,032-665-0075,경기도 부천시 경인로 72 (송내동) ,경기도 부천시,부천시,032-625-2803
68,441383202300410,http://www.animal.go.kr/files/shelter/2023/05/202306281406570[1]_s.jpg,20230628,만안로 232 부근,[고양이] 한국 고양이,백흑,2023(년생),1.6(Kg),경기-안양-2023-00151,20230628,20230710,http://www.animal.go.kr/files/shelter/2023/05/202306281406570[1].jpg,보호중,F,U,"4개월 추정, 마른 편, 순함, 백화점 안에서 발견",한국야생동물보호협회,031-296-0124,경기도 안산시 상록구 청곡길 50 (부곡동) ,경기도 안양시,안양시,031-8045-2605
69,441374202300662,http://www.animal.go.kr/files/shelter/2023/05/202306281406980_s.jpg,20230628,팔달구 수원천로392번길 44-6(매향동),[개] 치와와,백갈색,2016(년생),2.10(Kg),경기-수원-2023-00367,20230628,20230710,http://www.animal.go.kr/files/shelter/2023/05/202306281406980.jpg,보호중,F,U,내장형 무선식별장치 있음,수원시 동물보호센터,031-228-3557,"경기도 수원시 영통구 광교호수로 234 (하동, 수원시 동물보호센터) 하동 40-10",경기도 수원시,수원시,031-228-3997
70,441374202300661,http://www.animal.go.kr/files/shelter/2023/05/202306281406867_s.jpg,20230628,장안구 장안로496번길 26(이목동),[개] 믹스견,연갈색,2018(년생),9.50(Kg),경기-수원-2023-00366,20230628,20230710,http://www.animal.go.kr/files/shelter/2023/05/202306281406867.jpg,보호중,F,U,초록색 목줄,수원시 동물보호센터,031-228-3557,"경기도 수원시 영통구 광교호수로 234 (하동, 수원시 동물보호센터) 하동 40-10",경기도 수원시,수원시,031-228-3997
71,441374202300660,http://www.animal.go.kr/files/shelter/2023/05/202306281406582_s.jpg,20230628,권선구 망포로 13(곡반정동),[개] 푸들,흰색,2022(년생),3.20(Kg),경기-수원-2023-00365,20230628,20230710,http://www.animal.go.kr/files/shelter/2023/05/202306281406582.jpg,보호중,M,N,Poodle,수원시 동물보호센터,031-228-3557,"경기도 수원시 영통구 광교호수로 234 (하동, 수원시 동물보호센터) 하동 40-10",경기도 수원시,수원시,031-228-3997
72,430368202300308,http://www.animal.go.kr/files/shelter/2023/05/202306281006915_s.jpg,20230628,대화동 40-58번지 주변,[개] 진도견,백,2020(년생),30(Kg),대전-대덕-2023-00115,20230628,20230710,http://www.animal.go.kr/files/shelter/2023/05/202306281006915.jpg,보호중,M,U,23-114-115 동시구조 ,대전동물보호센터,042-825-1118,대전광역시 유성구 금남구즉로 1234 (금고동) 대전광역시 동물보호센터,대전광역시 대덕구,대덕구,042-608-6953
73,430368202300307,http://www.animal.go.kr/files/shelter/2023/05/20230628100684_s.jpg,20230628,대화동 40-58번지 주변,[개] 진도견,백,2020(년생),30(Kg),대전-대덕-2023-00114,20230628,20230710,http://www.animal.go.kr/files/shelter/2023/05/20230628100684.jpg,보호중,M,U,23-114-115 동시구조,대전동물보호센터,042-825-1118,대전광역시 유성구 금남구즉로 1234 (금고동) 대전광역시 동물보호센터,대전광역시 대덕구,대덕구,042-608-6953
74,429362202300545,http://www.animal.go.kr/files/shelter/2023/05/202306281406100_s.jpg,20230628,북구 용봉동,[고양이] 한국 고양이,"흰,노",2023(60일미만)(년생),0.4(Kg),광주-북구-2023-00449,20230628,20230710,http://www.animal.go.kr/files/shelter/2023/05/202306281406100.jpg,보호중,M,N,"23-7616 탈수,많이마름",광주 동물보호소,062-571-2808,광주광역시 북구 본촌마을길 27 (본촌동) 광주광역시 동물보호소,광주광역시 북구,북구,062-410-6557
75,429362202300544,http://www.animal.go.kr/files/shelter/2023/05/202306281406169_s.jpg,20230628,북구 운암동,[고양이] 한국 고양이,"흰,노",2023(60일미만)(년생),0.4(Kg),광주-북구-2023-00448,20230628,20230710,http://www.animal.go.kr/files/shelter/2023/05/202306281406169.jpg,보호중,M,N,23-7614,광주 동물보호소,062-571-2808,광주광역시 북구 본촌마을길 27 (본촌동) 광주광역시 동물보호소,광주광역시 북구,북구,062-410-6557
76,429362202300542,http://www.animal.go.kr/files/shelter/2023/05/202306281006622_s.jpg,20230628,북구 연제동,[고양이] 한국 고양이,"흰,노",2023(60일미만)(년생),0.3(Kg),광주-북구-2023-00446,20230628,20230710,http://www.animal.go.kr/files/shelter/2023/05/202306281006622.jpg,종료(자연사),M,N,23-7580 허피,광주 동물보호소,062-571-2808,광주광역시 북구 본촌마을길 27 (본촌동) 광주광역시 동물보호소,광주광역시 북구,북구,062-410-6557
77,429361202300262,http://www.animal.go.kr/files/shelter/2023/05/202306281206316_s.jpg,20230628,남구 송하동,[고양이] 한국 고양이,"검,갈",2023(60일미만)(년생),0.2(Kg),광주-남구-2023-00173,20230628,20230710,http://www.animal.go.kr/files/shelter/2023/05/202306281206316.jpg,보호중,F,N,"23-7613 파리알,구더기",광주 동물보호소,062-571-2808,광주광역시 북구 본촌마을길 27 (본촌동) 광주광역시 동물보호소,광주광역시 남구,남구,062-607-2752
78,429361202300261,http://www.animal.go.kr/files/shelter/2023/05/202306281206764_s.jpg,20230628,남구 양림동,[고양이] 한국 고양이,"흰,노",2023(60일미만)(년생),0.5(Kg),광주-남구-2023-00172,20230628,20230710,http://www.animal.go.kr/files/shelter/2023/05/202306281206764.jpg,보호중,M,N,23-7612 ,광주 동물보호소,062-571-2808,광주광역시 북구 본촌마을길 27 (본촌동) 광주광역시 동물보호소,광주광역시 남구,남구,062-607-2752
79,429359202300230,http://www.animal.go.kr/files/shelter/2023/05/202306281406217_s.jpg,20230628,동구 학동,[고양이] 한국 고양이,"흰,노",2023(60일미만)(년생),0.1(Kg),광주-동구-2023-00160,20230628,20230710,http://www.animal.go.kr/files/shelter/2023/05/202306281406217.jpg,보호중,M,N,23-7617,광주 동물보호소,062-571-2808,광주광역시 북구 본촌마을길 27 (본촌동) 광주광역시 동물보호소,광주광역시 동구,동구,062-608-2724
80,428356202301031,http://www.animal.go.kr/files/shelter/2023/05/202306281106389_s.jpg,20230628,서구청경에과,[개] 푸들,갈색,2021(년생),1.8(Kg),인천-서구-2023-00519,20230628,20230710,http://www.animal.go.kr/files/shelter/2023/05/202306281106389.jpg,보호중,F,U,"말티푸 추정, 가슴부분, 턱밑 하얀색 털, 애교많음, 귀여움, 사람 잘 따름",가정동물병원,032-575-0833,인천광역시 서구 가정로 346 (가정동) ,인천광역시 서구,장규성,032-560-1902
81,428351202300531,http://www.animal.go.kr/files/shelter/2023/05/202306281206221_s.jpg,20230628,미추홀구 독배로 382번길 34,[고양이] 한국 고양이,검/갈/흰,2023(60일미만)(년생),0.1(Kg),인천-미추홀-2023-00256,20230628,20230710,http://www.animal.go.kr/files/shelter/2023/05/202306281206221.jpg,보호중,Q,N,"5마리 중 2마리는 죽은 상태에서 3마리같이발견, 탯줄있음",인천광역시수의사회,032-515-7567,"인천광역시 계양구 다남로165번길 56 (다남동, 유기동물보호소) ",인천광역시 미추홀구,미추홀구,032-880-4384
82,428351202300529,http://www.animal.go.kr/files/shelter/2023/05/202306281106540_s.jpg,20230628,미추홀구 독배로 382번길 34,[고양이] 한국 고양이,검/갈/흰,2023(60일미만)(년생),0.1(Kg),인천-미추홀-2023-00254,20230628,20230710,http://www.animal.go.kr/files/shelter/2023/05/202306281106540.jpg,보호중,F,N,"5마리 중 2마리는 죽은 상태에서 3마리같이발견, 탯줄있음",인천광역시수의사회,032-515-7567,"인천광역시 계양구 다남로165번길 56 (다남동, 유기동물보호소) ",인천광역시 미추홀구,미추홀구,032-880-4384
83,427346202300771,http://www.animal.go.kr/files/shelter/2023/05/202306281406597_s[1].jpg,20230628,가게 앞,[고양이] 한국 고양이,흰 + 노랑,2023(60일미만)(년생),0.46(Kg),대구-수성-2023-00469,20230628,20230710,http://www.animal.go.kr/files/shelter/2023/05/202306281406597.jpg,보호중,F,N,"이름 : 태양이, 사람 좋아함, 밥 잘 먹음, 꾹꾹이 달인",멘토동물병원,053-291-7579,대구광역시 수성구 용학로 294 (범물동) 2층,대구광역시 수성구,녹색환경과,053-666-2651
84,427346202300770,http://www.animal.go.kr/files/shelter/2023/05/202306281306892_s.jpg,20230628,대구은행 앞,[고양이] 한국 고양이,"블랙, 화이트",2023(60일미만)(년생),0.50(Kg),대구-수성-2023-00468,20230628,20230710,http://www.animal.go.kr/files/shelter/2023/05/202306281306892.jpg,보호중,Q,N,"대구은행 문에 부딪혀 하악 출혈 심함, 사나움",펫동물병원,053-474-9820,대구광역시 수성구 달구벌대로 3144 (노변동) 펫동물병원,대구광역시 수성구,녹색환경과,053-666-2651
85,427346202300769,http://www.animal.go.kr/files/shelter/2023/05/202306281306901_s.jpg,20230628,시지동 408,[고양이] 한국 고양이,고등어,2023(60일미만)(년생),0.60(Kg),대구-수성-2023-00467,20230628,20230710,http://www.animal.go.kr/files/shelter/2023/05/202306281306901.jpg,보호중,Q,N,예민,펫동물병원,053-474-9820,대구광역시 수성구 달구벌대로 3144 (노변동) 펫동물병원,대구광역시 수성구,녹색환경과,053-666-2651
86,427343202300541,http://www.animal.go.kr/files/shelter/2023/05/202306281306716_s.jpg,20230628,달구벌대로329길 78,[고양이] 한국 고양이,카오스,2023(60일미만)(년생),0.22(Kg),대구-서구-2023-00308,20230628,20230710,http://www.animal.go.kr/files/shelter/2023/05/202306281306716.jpg,보호중,F,N,3주령 추정.,대구수의사회(아이펫),053-573-1175,대구광역시 서구 서대구로 64 (평리동) ,대구광역시 서구,송민서,053-663-2644
87,427343202300540,http://www.animal.go.kr/files/shelter/2023/05/202306281306404_s.jpg,20230628,달구벌대로329길 78,[고양이] 한국 고양이,삼색,2023(60일미만)(년생),0.26(Kg),대구-서구-2023-00307,20230628,20230710,http://www.animal.go.kr/files/shelter/2023/05/202306281306404.jpg,보호중,F,N,3주령 추정. 카오스 삼색.,대구수의사회(아이펫),053-573-1175,대구광역시 서구 서대구로 64 (평리동) ,대구광역시 서구,송민서,053-663-2644
88,427343202300539,http://www.animal.go.kr/files/shelter/2023/05/202306281006144_s.jpg,20230628,국채보상로55길21,[고양이] 한국 고양이,검갈색,2023(60일미만)(년생),0.8(Kg),대구-서구-2023-00306,20230628,20230710,http://www.animal.go.kr/files/shelter/2023/05/202306281006144.jpg,보호중,F,N,2개월추정,대구시수의사회(삼성),053-556-8575,대구광역시 서구 서대구로 24 (내당동) ,대구광역시 서구,송민서,053-663-2644
89,411324202300387,http://www.animal.go.kr/files/shelter/2023/05/202306281206575[1]_s.jpg,20230628,한영외고 맞은편 정류장,[개] 푸들,흰색,2022(년생),4(Kg),서울-강동-2023-00136,20230628,20230710,http://www.animal.go.kr/files/shelter/2023/05/202306281206575[1].jpg,보호중,M,Y,"동물등록되어있음,양쪽눈결막염,구충제투여",강동리본센터(reborn),070-4163-7350,서울특별시 강동구 양재대로81길 73 (성내동) ,서울특별시 강동구,동물복지팀 ,02-3425-6014
90,429362202300543,http://www.animal.go.kr/files/shelter/2023/05/202306281006740_s.jpg,20230628,북구 본촌동,[개] 베들링턴 테리어,"흰,회",2022(년생),10(Kg),광주-북구-2023-00447,20230627,20230627,http://www.animal.go.kr/files/shelter/2023/05/202306281006740.jpg,보호중,M,Y,"23-0681 성대수술,배변훈련안됨,전체미용,산책좋아함,구조자임시보호중",광주 동물보호소,062-571-2808,광주광역시 북구 본촌마을길 27 (본촌동) 광주광역시 동물보호소,광주광역시 북구,북구,062-410-6557
